"Pathway, Gene Set, or Metabolite Class",Matching Analyte/Pathway
nicotinamide nucleotide biosynthetic process,1-methylnicotinamide
NAD biosynthesis via nicotinamide riboside salvage pathway,1-methylnicotinamide
response to nicotine,1-methylnicotinamide
Nicotinamide salvaging,1-methylnicotinamide
nicotinamide nucleotide metabolic process,1-methylnicotinamide; Nicotinate and Nicotinamide Metabolism
Nicotinate and nicotinamide metabolism,1-methylnicotinamide; Nicotinate and Nicotinamide Metabolism
Hydroxy acids and derivatives,2-hydroxyglutarate; 3-Hydroxyisobutyric acid
Phenylpropanoic acids,3-Phenylpropionate
Activation of TRKA receptors,Activation of TRKA receptors
NGF-independant TRKA activation,Activation of TRKA receptors
Adaptive Immune System,adaptive immune system
adaptive immune response based on somatic recombination of immune receptors built from immunoglobulin superfamily domains,adaptive immune system; immune response
negative regulation of adaptive immune response based on somatic recombination of immune receptors built from immunoglobulin superfamily domains,adaptive immune system; immune response
regulation of adaptive immune response based on somatic recombination of immune receptors built from immunoglobulin superfamily domains,adaptive immune system; immune response
negative regulation of adaptive immune response,adaptive immune system; immune response
regulation of adaptive immune response,adaptive immune system; immune response
positive regulation of adaptive immune response based on somatic recombination of immune receptors built from immunoglobulin superfamily domains,adaptive immune system; immune response
positive regulation of adaptive immune response,adaptive immune system; immune response
SARS-CoV-2 activates/modulates innate and adaptive immune responses,adaptive immune system; immune response
AKT phosphorylates targets in the cytosol,AKT PHOSPHORYLATES TARGETS IN THE CYTOSOL
aromatic amino acid family catabolic process,Amino acids
modified amino acid transport,Amino acids
sulfur amino acid biosynthetic process,Amino acids
aspartate family amino acid biosynthetic process,Amino acids
alpha-amino acid biosynthetic process,Amino acids
cellular amino acid catabolic process,Amino acids
L-amino acid transport,Amino acids
cellular amino acid biosynthetic process,Amino acids
amino acid activation,Amino acids
regulation of amino acid transport,Amino acids
branched-chain amino acid transport,Amino acids
alpha-amino acid metabolic process,Amino acids
neutral amino acid transport,Amino acids
basic amino acid transmembrane transport,Amino acids
alpha-amino acid catabolic process,Amino acids
regulation of amino acid import across plasma membrane,Amino acids
regulation of amino acid transmembrane transport,Amino acids
branched-chain amino acid catabolic process,Amino acids
amino acid transport,Amino acids
positive regulation of amino acid transport,Amino acids
response to amino acid,Amino acids
N-terminal protein amino acid modification,Amino acids
L-alpha-amino acid transmembrane transport,Amino acids
cellular response to amino acid stimulus,Amino acids
amino acid transmembrane transport,Amino acids
amino acid import across plasma membrane,Amino acids
acidic amino acid transport,Amino acids
internal protein amino acid acetylation,Amino acids
cellular modified amino acid biosynthetic process,Amino acids
C-terminal protein amino acid modification,Amino acids
cellular response to amino acid starvation,Amino acids
response to amino acid starvation,Amino acids
serine family amino acid biosynthetic process,Amino acids
cellular modified amino acid catabolic process,Amino acids
serine family amino acid catabolic process,Amino acids
aromatic amino acid transport,Amino acids
negative regulation of amino acid transport,Amino acids
aspartate family amino acid catabolic process,Amino acids
sulfur amino acid catabolic process,Amino acids
amino acid neurotransmitter reuptake,Amino acids
N-terminal protein amino acid acetylation,Amino acids
Biosynthesis of amino acids,Amino acids
Transport of inorganic cations/anions and amino acids/oligopeptides,Amino acids
Amino acid conjugation of benzoic acid,Amino acids
Response of EIF2AK4 (GCN2) to amino acid deficiency,Amino acids
Amino acid transport across the plasma membrane,Amino acids
Branched-chain amino acid catabolism,Amino acids
Amino acids regulate mTORC1,Amino acids
Amino acid conjugation,Amino acids
cellular amino acid metabolic process,Amino acids; Amino acid metabolism
aspartate family amino acid metabolic process,Amino acids; Amino acid metabolism
aromatic amino acid family metabolic process,Amino acids; Amino acid metabolism
sulfur amino acid metabolic process,Amino acids; Amino acid metabolism
cellular modified amino acid metabolic process,Amino acids; Amino acid metabolism
branched-chain amino acid metabolic process,Amino acids; Amino acid metabolism
regulation of cellular amino acid metabolic process,Amino acids; Amino acid metabolism
serine family amino acid metabolic process,Amino acids; Amino acid metabolism
Selenoamino acid metabolism,Amino acids; Amino acid metabolism
Amino acid metabolism,Amino acids; Amino acid metabolism
Sulfur amino acid metabolism,Amino acids; Amino acid metabolism
Amino acid metabolism in triple-negative breast cancer cells,Amino acids; Amino acid metabolism
Cyanoamino acid metabolism,Amino acids; Amino acid metabolism
glutamine family amino acid metabolic process,Amino acids; Amino acid metabolism; Glutamine
Amino acid metabolism pathway excerpt: histidine catabolism extension,Amino acids; Amino acid metabolism; histidine
glutamine family amino acid biosynthetic process,Amino acids; Glutamine
glutamine family amino acid catabolic process,Amino acids; Glutamine
Methionine metabolism leading to sulfur amino acids and related disorders,Amino acids; methionine
bile acid secretion,bile acids; Bile Constituents
bile acid and bile salt transport,bile acids; Bile Constituents
bile acid metabolic process,bile acids; Bile Constituents
bile acid biosynthetic process,bile acids; Bile Constituents
bile acid signaling pathway,bile acids; Bile Constituents
regulation of bile acid metabolic process,bile acids; Bile Constituents
regulation of bile acid biosynthetic process,bile acids; Bile Constituents
Primary bile acid biosynthesis,bile acids; Bile Constituents
Synthesis of bile acids and bile salts,bile acids; Bile Constituents
Bile acid and bile salt metabolism,bile acids; Bile Constituents
Recycling of bile acids and salts,bile acids; Bile Constituents
Drug induction of bile acid pathway,bile acids; Bile Constituents
NR1H2 & NR1H3 regulate gene expression to control bile acid homeostasis,bile acids; Bile Constituents
Bile acids synthesis and enterohepatic circulation,bile acids; Bile Constituents
Disorders of bile acid synthesis and biliary transport,bile acids; Bile Constituents
Synthesis of bile acids and bile salts via 7alpha-hydroxycholesterol,bile acids; Bile Constituents; Sterols
Synthesis of bile acids and bile salts via 24-hydroxycholesterol,bile acids; Bile Constituents; Sterols
Synthesis of bile acids and bile salts via 27-hydroxycholesterol,bile acids; Bile Constituents; Sterols
phospholipid translocation,Bile Constituents
phospholipid transport,Bile Constituents
phospholipid dephosphorylation,Bile Constituents
positive regulation of phospholipid transport,Bile Constituents
regulation of phospholipid transport,Bile Constituents
phospholipid catabolic process,Bile Constituents
plasma membrane phospholipid scrambling,Bile Constituents
phospholipid biosynthetic process,Bile Constituents
regulation of phospholipid biosynthetic process,Bile Constituents
phospholipid efflux,Bile Constituents
phospholipid homeostasis,Bile Constituents
Phospholipid Biosynthesis,Bile Constituents
"Transport of bile salts and organic acids, metal ions and amine compounds",Bile Constituents
Role of phospholipids in phagocytosis,Bile Constituents
phospholipid metabolic process,Bile Constituents; Lipid metabolism
positive regulation of phospholipid metabolic process,Bile Constituents; Lipid metabolism
regulation of phospholipid metabolic process,Bile Constituents; Lipid metabolism
Phospholipid metabolism,Bile Constituents; Lipid metabolism
regulation of intracellular cholesterol transport,Bile Constituents; Sterols
cellular response to cholesterol,Bile Constituents; Sterols
cholesterol biosynthetic process,Bile Constituents; Sterols
response to cholesterol,Bile Constituents; Sterols
intracellular cholesterol transport,Bile Constituents; Sterols
regulation of cholesterol transport,Bile Constituents; Sterols
cholesterol metabolic process,Bile Constituents; Sterols
positive regulation of cholesterol transport,Bile Constituents; Sterols
regulation of cholesterol metabolic process,Bile Constituents; Sterols
cholesterol transport,Bile Constituents; Sterols
cholesterol homeostasis,Bile Constituents; Sterols
positive regulation of cholesterol efflux,Bile Constituents; Sterols
regulation of cholesterol efflux,Bile Constituents; Sterols
cholesterol efflux,Bile Constituents; Sterols
intestinal cholesterol absorption,Bile Constituents; Sterols
regulation of intestinal cholesterol absorption,Bile Constituents; Sterols
cholesterol storage,Bile Constituents; Sterols
regulation of cholesterol storage,Bile Constituents; Sterols
positive regulation of cholesterol metabolic process,Bile Constituents; Sterols
negative regulation of cholesterol storage,Bile Constituents; Sterols
cholesterol catabolic process,Bile Constituents; Sterols
reverse cholesterol transport,Bile Constituents; Sterols
regulation of cholesterol biosynthetic process,Bile Constituents; Sterols
positive regulation of cholesterol biosynthetic process,Bile Constituents; Sterols
positive regulation of phospholipid biosynthetic process,Bile Constituents; Sterols
negative regulation of cholesterol transport,Bile Constituents; Sterols
negative regulation of cholesterol efflux,Bile Constituents; Sterols
Cholesterol biosynthesis,Bile Constituents; Sterols
Statin inhibition of cholesterol production,Bile Constituents; Sterols
Cholesterol metabolism,Bile Constituents; Sterols
Regulation of cholesterol biosynthesis by SREBP (SREBF),Bile Constituents; Sterols
Cholesterol metabolism with Bloch and Kandutsch-Russell pathways,Bile Constituents; Sterols
NR1H3 & NR1H2 regulate gene expression linked to cholesterol transport and efflux,Bile Constituents; Sterols
NR1H2 & NR1H3 regulate gene expression to limit cholesterol uptake,Bile Constituents; Sterols
Cholesterol biosynthesis pathway,Bile Constituents; Sterols
SREBF and miR33 in cholesterol and lipid homeostasis,Bile Constituents; Sterols
Oxysterols derived from cholesterol,Bile Constituents; Sterols
Cholesterol biosynthesis with skeletal dysplasias,Bile Constituents; Sterols
Cholesterol synthesis disorders,Bile Constituents; Sterols
Mevalonate arm of cholesterol biosynthesis pathway with inhibitors,Bile Constituents; Sterols
Mevalonate arm of cholesterol biosynthesis pathway,Bile Constituents; Sterols
carnitine metabolic process,carnitine
Carnitine synthesis,carnitine
Carnitine metabolism,carnitine
meiosis II cell cycle process,cell cycle
positive regulation of mitotic cell cycle phase transition,cell cycle
positive regulation of cell cycle phase transition,cell cycle
positive regulation of G2/M transition of mitotic cell cycle,cell cycle
positive regulation of mitotic cell cycle,cell cycle
positive regulation of cell cycle G2/M phase transition,cell cycle
G2/M transition of mitotic cell cycle,cell cycle
mitotic cell cycle phase transition,cell cycle
regulation of G1/S transition of mitotic cell cycle,cell cycle
regulation of cell cycle G2/M phase transition,cell cycle
regulation of mitotic cell cycle phase transition,cell cycle
cell cycle G1/S phase transition,cell cycle
cell cycle G2/M phase transition,cell cycle
G1/S transition of mitotic cell cycle,cell cycle
negative regulation of G1/S transition of mitotic cell cycle,cell cycle
regulation of cell cycle G1/S phase transition,cell cycle
positive regulation of cell cycle process,cell cycle
metaphase/anaphase transition of mitotic cell cycle,cell cycle
regulation of metaphase/anaphase transition of cell cycle,cell cycle
positive regulation of G1/S transition of mitotic cell cycle,cell cycle
metaphase/anaphase transition of cell cycle,cell cycle
negative regulation of cell cycle G1/S phase transition,cell cycle
negative regulation of mitotic cell cycle phase transition,cell cycle
negative regulation of G2/M transition of mitotic cell cycle,cell cycle
negative regulation of cell cycle G2/M phase transition,cell cycle
positive regulation of cell cycle G1/S phase transition,cell cycle
regulation of cell cycle phase transition,cell cycle
chromosome organization involved in meiotic cell cycle,cell cycle
negative regulation of cell cycle phase transition,cell cycle
cell cycle checkpoint signaling,cell cycle
mitotic cell cycle checkpoint signaling,cell cycle
negative regulation of mitotic cell cycle,cell cycle
cell cycle DNA replication,cell cycle
negative regulation of cell cycle,cell cycle
positive regulation of cell cycle,cell cycle
negative regulation of cell cycle process,cell cycle
regulation of meiotic cell cycle,cell cycle
meiotic cell cycle process,cell cycle
meiotic cell cycle,cell cycle
meiosis I cell cycle process,cell cycle
regulation of mitotic cell cycle spindle assembly checkpoint,cell cycle
regulation of cell cycle checkpoint,cell cycle
negative regulation of metaphase/anaphase transition of cell cycle,cell cycle
positive regulation of meiotic cell cycle,cell cycle
meiotic cell cycle phase transition,cell cycle
positive regulation of mitotic cell cycle spindle assembly checkpoint,cell cycle
negative regulation of meiotic cell cycle,cell cycle
positive regulation of cell cycle checkpoint,cell cycle
"DNA damage response, signal transduction by p53 class mediator resulting in cell cycle arrest",cell cycle
positive regulation of metaphase/anaphase transition of cell cycle,cell cycle
regulation of nuclear cell cycle DNA replication,cell cycle
APC:Cdc20 mediated degradation of cell cycle proteins prior to satisfation of the cell cycle checkpoint,cell cycle
Diseases of mitotic cell cycle,cell cycle
Aberrant regulation of mitotic cell cycle due to RB1 defects,cell cycle
G1 to S cell cycle control,cell cycle
Cell cycle,cell cycle
Cell Cycle,cell cycle
"Cell Cycle, Mitotic",cell cycle
PTK6 Regulates Cell Cycle,cell cycle
p75NTR negatively regulates cell cycle via SC1,cell cycle
mir-124 predicted interactions with cell cycle and differentiation,cell cycle
regulation of transcription involved in G1/S transition of mitotic cell cycle,cell cycle; transcirptional pathways
TP53 Regulates Transcription of Cell Cycle Genes,cell cycle; transcirptional pathways
TP53 Regulates Transcription of Genes Involved in G1 Cell Cycle Arrest,cell cycle; transcirptional pathways
TP53 regulates transcription of cell cycle genes,cell cycle; transcirptional pathways
FOXO-mediated transcription of cell cycle genes,cell cycle; transcirptional pathways
TP53 Regulates Transcription of Genes Involved in G2 Cell Cycle Arrest,cell cycle; transcirptional pathways
TP53 regulates transcription of additional cell cycle genes whose exact role in the p53 pathway remain uncertain,cell cycle; transcirptional pathways
TFAP2 (AP-2) family regulates transcription of cell cycle factors,cell cycle; transcirptional pathways
response to hypoxia,cellular response to hypoxia
regulation of cellular response to hypoxia,cellular response to hypoxia
cellular response to hypoxia,cellular response to hypoxia
Cellular response to hypoxia,cellular response to hypoxia
Regulation of gene expression by Hypoxia-inducible Factor,cellular response to hypoxia
Oxygen-dependent proline hydroxylation of Hypoxia-inducible Factor Alpha,cellular response to hypoxia; proline
regulation of transcription from RNA polymerase II promoter in response to hypoxia,cellular response to hypoxia; transcirptional pathways
ceramide metabolic process,ceramide
ceramide catabolic process,ceramide
regulation of ceramide biosynthetic process,ceramide
ceramide biosynthetic process,ceramide
ceramide transport,ceramide
Ceramide signalling,ceramide
TNFR1-mediated ceramide production,ceramide
Synthesis of ceramides and 1-deoxyceramides,ceramide
Roles of ceramides in development of insulin resistance,ceramide; insulin pathway
"BMAL1:CLOCK,NPAS2 activates circadian gene expression",CLOCK
cortisol metabolic process,cortisol
cortisol biosynthetic process,cortisol
LTC4-CYSLTR mediated IL4 production; LTC4S,CYSLTR2; IL-4; IL4R
Cytokine Signaling in Immune system,Cytokine signaling in immune system
regulation of cytokine production involved in immune response,Cytokine signaling in immune system; immune response
cytokine production involved in immune response,Cytokine signaling in immune system; immune response
positive regulation of cytokine production involved in immune response,Cytokine signaling in immune system; immune response
positive regulation of myeloid leukocyte cytokine production involved in immune response,Cytokine signaling in immune system; immune response
negative regulation of cytokine production involved in immune response,Cytokine signaling in immune system; immune response
positive regulation of cytokine production involved in inflammatory response,Cytokines and inflammatory response; inflammatory response
cytokine production involved in inflammatory response,Cytokines and inflammatory response; inflammatory response
regulation of cytokine production involved in inflammatory response,Cytokines and inflammatory response; inflammatory response
negative regulation of cytokine production involved in inflammatory response,Cytokines and inflammatory response; inflammatory response
Cytokines and inflammatory response,Cytokines and inflammatory response; inflammatory response
cellular defense response,Defense response
defense response to tumor cell,Defense response
positive regulation of defense response to bacterium,Defense response
regulation of defense response to bacterium,Defense response
positive regulation of defense response,Defense response
defense response to fungus,Defense response
negative regulation of defense response,Defense response
defense response to Gram-negative bacterium,Defense response
defense response to bacterium,Defense response
behavioral defense response,Defense response
defense response to Gram-positive bacterium,Defense response
defense response to virus,Defense response
defense response to symbiont,Defense response
defense response to protozoan,Defense response
respiratory burst involved in defense response,Defense response
negative regulation of defense response to virus,Defense response
regulation of defense response to virus,Defense response
positive regulation of defense response to virus by host,Defense response
regulation of defense response to virus by host,Defense response
diacylglycerol metabolic process,diacylglycerol
CDP-diacylglycerol metabolic process,diacylglycerol
CDP-diacylglycerol biosynthetic process,diacylglycerol
Signaling by EGFR,EGF/EGFR signaling pathway
Signaling by EGFR in Cancer,EGF/EGFR signaling pathway
EGFR downregulation,EGF/EGFR signaling pathway
EGFR Transactivation by Gastrin,EGF/EGFR signaling pathway
SHC1 events in EGFR signaling,EGF/EGFR signaling pathway
EGFR interacts with phospholipase C-gamma,EGF/EGFR signaling pathway
GRB2 events in EGFR signaling,EGF/EGFR signaling pathway
"Relationship between inflammation, COX-2 and EGFR",EGF/EGFR signaling pathway
EPHB-mediated forward signaling,EPHB6
response to ethanol,Ethanol
ethanol metabolic process,Ethanol
cellular response to ethanol,Ethanol
ethanol catabolic process,Ethanol
Ethanol effects on histone modifications,Ethanol
Ethanol oxidation,Ethanol
Ethanol metabolism production of ROS by CYP2E1,Ethanol
Fatty Acyls,fatty acids
cellular response to fatty acid,fatty acids
response to fatty acid,fatty acids
regulation of fatty acid transport,fatty acids
long-chain fatty acid import across plasma membrane,fatty acids
short-chain fatty acid metabolic process,fatty acids
unsaturated fatty acid biosynthetic process,fatty acids
long-chain fatty acid import into cell,fatty acids
fatty acid transmembrane transport,fatty acids
positive regulation of fatty acid biosynthetic process,fatty acids
long-chain fatty acid metabolic process,fatty acids
positive regulation of fatty acid transport,fatty acids
unsaturated fatty acid metabolic process,fatty acids
fatty acid biosynthetic process,fatty acids
very long-chain fatty acid metabolic process,fatty acids
positive regulation of fatty acid metabolic process,fatty acids
fatty acid catabolic process,fatty acids
fatty acid transport,fatty acids
regulation of fatty acid biosynthetic process,fatty acids
fatty acid oxidation,fatty acids
fatty acid metabolic process,fatty acids
long-chain fatty acid transport,fatty acids
fatty acid beta-oxidation,fatty acids
regulation of fatty acid metabolic process,fatty acids
fatty acid derivative metabolic process,fatty acids
fatty acid derivative catabolic process,fatty acids
fatty acid derivative biosynthetic process,fatty acids
long-chain fatty acid biosynthetic process,fatty acids
regulation of fatty acid oxidation,fatty acids
fatty acid beta-oxidation using acyl-CoA dehydrogenase,fatty acids
negative regulation of fatty acid oxidation,fatty acids
positive regulation of fatty acid oxidation,fatty acids
negative regulation of fatty acid biosynthetic process,fatty acids
negative regulation of fatty acid metabolic process,fatty acids
regulation of fatty acid beta-oxidation,fatty acids
positive regulation of fatty acid beta-oxidation,fatty acids
fatty acid elongation,fatty acids
very long-chain fatty acid biosynthetic process,fatty acids
fatty acid beta-oxidation using acyl-CoA oxidase,fatty acids
medium-chain fatty acid metabolic process,fatty acids
fatty acid homeostasis,fatty acids
regulation of unsaturated fatty acid biosynthetic process,fatty acids
Free fatty acid receptors,fatty acids
Fatty acid beta-oxidation,fatty acids
Omega-3 / omega-6 fatty acid synthesis,fatty acids
Fatty acid biosynthesis,fatty acids
Omega-9 fatty acid synthesis,fatty acids
Fatty acid Metabolism,fatty acids
Biosynthesis of unsaturated fatty acids,fatty acids
Fatty Acid Elongation In Mitochondria,fatty acids
fatty acid biosynthesis,fatty acids
mitochondrial fatty acid beta-oxidation of saturated fatty acids,fatty acids
mitochondrial fatty acid beta-oxidation of unsaturated fatty acids,fatty acids
Mitochondrial Fatty Acid Beta-Oxidation,fatty acids
Fatty acids,fatty acids
Beta-oxidation of very long chain fatty acids,fatty acids
The fatty acid cycling model,fatty acids
Intracellular metabolism of fatty acids regulates insulin secretion,fatty acids
Transport of fatty acids,fatty acids
Fatty acid omega-oxidation,fatty acids
Fatty acid transporters,fatty acids
Mitochondrial fatty acid beta-oxidation,fatty acids
Mitochondrial long chain fatty acid beta-oxidation,fatty acids
Mitochondrial fatty acid synthesis pathway,fatty acids
Free fatty acids regulate insulin secretion,fatty acids; insulin pathway
Fatty Acids bound to GPR40 (FFAR1) regulate insulin secretion,fatty acids; insulin pathway
Fc epsilon receptor (FCERI) signaling,FCER1A; FCER2
FCERI mediated Ca+2 mobilization,FCER1A; FCER2
FCERI mediated NF-kB activation,FCER1A; FCER2
FCERI mediated MAPK activation,FCER1A; FCER2
Spry regulation of FGF signaling,FGF20; FGF9
FOXP3 in COVID-19,FOXP3
RUNX1 and FOXP3 control the development of regulatory T lymphocytes (Tregs),FOXP3; lymphocyte proliferation
GAB1 signalosome,GAB1 SIGNALOSOME
regulation of glial cell differentiation,glial cell differentiation
positive regulation of glial cell differentiation,glial cell differentiation
glial cell differentiation,glial cell differentiation
Bergmann glial cell differentiation,glial cell differentiation
telencephalon glial cell migration,glial cell differentiation
radial glial cell differentiation,glial cell differentiation
glial cell-derived neurotrophic factor receptor signaling pathway,glial cell differentiation
Glial cell differentiation,glial cell differentiation
positive regulation of gliogenesis,gliogenesis
regulation of gliogenesis,gliogenesis
gliogenesis,gliogenesis
negative regulation of gliogenesis,gliogenesis
glucocorticoid receptor signaling pathway,Glucocorticoid receptor binding sites
Glucocorticoid receptor pathway,Glucocorticoid receptor binding sites
glutamine metabolic process,Glutamine
Glutamate and glutamine metabolism,Glutamine
Conjugation of phenylacetate with glutamine,Glutamine
Glycerophospholipids,Glycerophospholipid metabolism
glycerophospholipid metabolic process,Glycerophospholipid metabolism; Lipid metabolism
growth hormone receptor signaling pathway,Growth hormone receptor signaling
growth hormone receptor signaling pathway via JAK-STAT,Growth hormone receptor signaling
Growth hormone receptor signaling,Growth hormone receptor signaling
histidine metabolic process,histidine
peptidyl-histidine modification,histidine
Histidine metabolism,histidine
Histidine catabolism,histidine
interleukin-10 production,IL-10
positive regulation of interleukin-10 production,IL-10
negative regulation of interleukin-10 production,IL-10
FCGR3A-mediated IL10 synthesis,IL-10
IL-10 anti-inflammatory signaling pathway,IL-10
interleukin-12 production,IL-12B
positive regulation of interleukin-12 production,IL-12B
positive regulation of interleukin-4 production,IL-4; IL4R; Interleukin-4 and Interleukin-13 signaling
interleukin-4 production,IL-4; IL4R; Interleukin-4 and Interleukin-13 signaling
cellular response to interleukin-4,IL-4; IL4R; Interleukin-4 and Interleukin-13 signaling
response to interleukin-4,IL-4; IL4R; Interleukin-4 and Interleukin-13 signaling
IL-4 signaling pathway,IL-4; Interleukin-4 and Interleukin-13 signaling
interleukin-5 production,"IL-5; Interleukin-3, Interleukin-5 and GM-CSF signaling"
regulation of interleukin-5 production,"IL-5; Interleukin-3, Interleukin-5 and GM-CSF signaling"
positive regulation of interleukin-5 production,"IL-5; Interleukin-3, Interleukin-5 and GM-CSF signaling"
IL-5 signaling pathway,"IL-5; Interleukin-3, Interleukin-5 and GM-CSF signaling"
negative regulation of interleukin-1 beta production,IL11RL1
positive regulation of interleukin-13 production,IL13; Interleukin-4 and Interleukin-13 signaling
interleukin-13 production,IL13; Interleukin-4 and Interleukin-13 signaling
interleukin-17-mediated signaling pathway,IL17RB
response to interleukin-17,IL17RB
positive regulation of interleukin-17 production,IL17RB
interleukin-17 production,IL17RB
negative regulation of interleukin-17 production,IL17RB
IL-17 signaling pathway,IL17RB
cellular response to interleukin-1,IL1RL1
response to interleukin-1,IL1RL1
positive regulation of interleukin-1 production,IL1RL1
interleukin-1 production,IL1RL1
positive regulation of interleukin-1 beta production,IL1RL1
interleukin-1 beta production,IL1RL1
interleukin-1 alpha production,IL1RL1
negative regulation of interleukin-1 production,IL1RL1
interleukin-1-mediated signaling pathway,IL1RL1
regulation of interleukin-1-mediated signaling pathway,IL1RL1
IL1 and megakaryocytes in obesity,IL1RL1
IL6 signaling pathway,IL6R
interleukin-6 production,IL6R; Interleukin-6 signaling
negative regulation of interleukin-6 production,IL6R; Interleukin-6 signaling
positive regulation of interleukin-6 production,IL6R; Interleukin-6 signaling
cellular response to interleukin-6,IL6R; Interleukin-6 signaling
response to interleukin-6,IL6R; Interleukin-6 signaling
interleukin-6-mediated signaling pathway,IL6R; Interleukin-6 signaling
regulation of interleukin-6-mediated signaling pathway,IL6R; Interleukin-6 signaling
Neutrophil extracellular trap formation,immature neutrophils.
regulation of immature T cell proliferation,immature T-lymphocyte-specific transcripts
regulation of immature T cell proliferation in thymus,immature T-lymphocyte-specific transcripts
immature T cell proliferation,immature T-lymphocyte-specific transcripts
immature T cell proliferation in thymus,immature T-lymphocyte-specific transcripts
mucosal immune response,immune response
organ or tissue specific immune response,immune response
myeloid cell activation involved in immune response,immune response
regulation of production of molecular mediator of immune response,immune response
T-helper 1 type immune response,immune response
antimicrobial humoral immune response mediated by antimicrobial peptide,immune response
mast cell activation involved in immune response,immune response
immune response to tumor cell,immune response
regulation of T-helper 1 type immune response,immune response
positive regulation of production of molecular mediator of immune response,immune response
leukocyte activation involved in immune response,immune response
regulation of mast cell activation involved in immune response,immune response
cell activation involved in immune response,immune response
natural killer cell mediated immune response to tumor cell,immune response
negative regulation of mast cell activation involved in immune response,immune response
immune response-inhibiting signal transduction,immune response
production of molecular mediator of immune response,immune response
positive regulation of type 2 immune response,immune response
macrophage activation involved in immune response,immune response
neutrophil activation involved in immune response,immune response
regulation of immune response to tumor cell,immune response
negative regulation of immune response,immune response
lymphocyte activation involved in immune response,immune response
immune response-regulating cell surface receptor signaling pathway involved in phagocytosis,immune response
T cell activation involved in immune response,immune response
mature B cell differentiation involved in immune response,immune response
regulation of type 2 immune response,immune response
B cell activation involved in immune response,immune response
type 2 immune response,immune response
T-helper 17 type immune response,immune response
humoral immune response,immune response
somatic recombination of immunoglobulin genes involved in immune response,immune response
somatic diversification of immunoglobulins involved in immune response,immune response
immune response-regulating cell surface receptor signaling pathway,immune response
"CD4-positive, alpha-beta T cell differentiation involved in immune response",immune response
alpha-beta T cell activation involved in immune response,immune response
alpha-beta T cell differentiation involved in immune response,immune response
immunoglobulin production involved in immunoglobulin-mediated immune response,immune response
T cell differentiation involved in immune response,immune response
immune response-activating cell surface receptor signaling pathway,immune response
immune response-activating signal transduction,immune response
activation of immune response,immune response
immunoglobulin mediated immune response,immune response
positive regulation of immune response to tumor cell,immune response
regulation of T-helper 17 type immune response,immune response
positive regulation of immunoglobulin mediated immune response,immune response
regulation of immunoglobulin mediated immune response,immune response
natural killer cell activation involved in immune response,immune response
T cell mediated immune response to tumor cell,immune response
negative regulation of humoral immune response mediated by circulating immunoglobulin,immune response
regulation of humoral immune response,immune response
positive regulation of mast cell activation involved in immune response,immune response
negative regulation of immunoglobulin mediated immune response,immune response
negative regulation of humoral immune response,immune response
regulation of humoral immune response mediated by circulating immunoglobulin,immune response
humoral immune response mediated by circulating immunoglobulin,immune response
positive regulation of humoral immune response,immune response
negative regulation of production of molecular mediator of immune response,immune response
positive regulation of T-helper 1 type immune response,immune response
negative regulation of T-helper 17 type immune response,immune response
positive regulation of T-helper 17 type immune response,immune response
negative regulation of type 2 immune response,immune response
SARS-CoV-2 innate immunity evasion and cell-specific immune response,immune response
Mitochondrial immune response to SARS-CoV-2,immune response
STING mediated induction of host immune responses,immune response
SUMOylation of immune response proteins,immune response
RUNX3 Regulates Immune Response and Cell Migration,immune response
Immune response to tuberculosis,immune response
miRNA role in immune response in sepsis,immune response; immune response
innate immune response in mucosa,immune response; innate immune system
regulation of innate immune response,immune response; innate immune system
negative regulation of innate immune response,immune response; innate immune system
positive regulation of innate immune response,immune response; innate immune system
innate immune response activating cell surface receptor signaling pathway,immune response; innate immune system
innate immune response-activating signal transduction,immune response; innate immune system
activation of innate immune response,immune response; innate immune system
antifungal innate immune response,immune response; innate immune system
antiviral innate immune response,immune response; innate immune system
SARS-CoV-1 activates/modulates innate immune responses,immune response; innate immune system
Regulation of innate immune responses to cytosolic DNA,immune response; innate immune system
leukocyte migration involved in inflammatory response,inflammatory response
chronic inflammatory response,inflammatory response
positive regulation of inflammatory response,inflammatory response
positive regulation of acute inflammatory response,inflammatory response
regulation of inflammatory response,inflammatory response
regulation of chronic inflammatory response,inflammatory response
acute inflammatory response,inflammatory response
regulation of acute inflammatory response,inflammatory response
inflammatory response to wounding,inflammatory response
negative regulation of neuroinflammatory response,inflammatory response
production of molecular mediator involved in inflammatory response,inflammatory response
acute inflammatory response to antigenic stimulus,inflammatory response
neuroinflammatory response,inflammatory response
inflammatory response to antigenic stimulus,inflammatory response
negative regulation of inflammatory response,inflammatory response
regulation of neuroinflammatory response,inflammatory response
leukocyte activation involved in inflammatory response,inflammatory response
positive regulation of inflammatory response to antigenic stimulus,inflammatory response
regulation of acute inflammatory response to antigenic stimulus,inflammatory response
regulation of inflammatory response to antigenic stimulus,inflammatory response
positive regulation of neuroinflammatory response,inflammatory response
negative regulation of acute inflammatory response,inflammatory response
negative regulation of inflammatory response to antigenic stimulus,inflammatory response
Inflammatory response pathway,inflammatory response
Cell recruitment (pro-inflammatory response),inflammatory response
CD163 mediating an anti-inflammatory response,inflammatory response
Anti-inflammatory response favouring Leishmania parasite infection,inflammatory response
Cells and molecules involved in local acute inflammatory response,inflammatory response
Pathways of nucleic acid metabolism and innate immune sensing,innate immune system
SARS-CoV-2 B.1.1.7 variant antagonises innate immune activation,innate immune system
response to insulin,insulin pathway
insulin metabolic process,insulin pathway
cellular response to insulin stimulus,insulin pathway
insulin receptor signaling pathway,insulin pathway
negative regulation of insulin secretion,insulin pathway
regulation of insulin secretion,insulin pathway
insulin secretion,insulin pathway
positive regulation of insulin secretion,insulin pathway
regulation of insulin receptor signaling pathway,insulin pathway
negative regulation of insulin receptor signaling pathway,insulin pathway
negative regulation of cellular response to insulin stimulus,insulin pathway
regulation of cellular response to insulin stimulus,insulin pathway
positive regulation of cellular response to insulin stimulus,insulin pathway
insulin secretion involved in cellular response to glucose stimulus,insulin pathway
positive regulation of insulin receptor signaling pathway,insulin pathway
positive regulation of insulin secretion involved in cellular response to glucose stimulus,insulin pathway
regulation of insulin secretion involved in cellular response to glucose stimulus,insulin pathway
Leptin-insulin signaling overlap,insulin pathway
Insulin receptor signalling cascade,insulin pathway
Signaling by Insulin receptor,insulin pathway
Insulin secretion,insulin pathway
Insulin processing,insulin pathway
Insulin signaling pathway,insulin pathway
Regulation of insulin secretion,insulin pathway
Acetylcholine regulates insulin secretion,insulin pathway
Insulin receptor recycling,insulin pathway
"Synthesis, secretion, and inactivation of Glucose-dependent Insulinotropic Polypeptide (GIP)",insulin pathway
Glucagon-like Peptide-1 (GLP1) regulates insulin secretion,insulin pathway
"Adrenaline,noradrenaline inhibits insulin secretion",insulin pathway
Insulin signaling in adipocytes (normal condition),insulin pathway
Signaling by insulin receptor,insulin pathway
Insulin signaling in adipocytes (diabetic condition),insulin pathway
type I interferon signaling pathway,Interferon signaling
Interferon gamma signaling,Interferon signaling
DDX58/IFIH1-mediated induction of interferon-alpha/beta,Interferon signaling
Interferon alpha/beta signaling,Interferon signaling
Overview of interferons-mediated signaling pathway,Interferon signaling
Host-pathogen interaction of human coronaviruses - interferon induction,Interferon signaling
Type I interferon induction and signaling during SARS-CoV-2 infection,Interferon signaling
Interferon type I signaling pathways,Interferon signaling
Type II interferon signaling,Interferon signaling
Interferon Signaling,Interferon signaling
Type III interferon signaling,Interferon signaling
interleukin-2 production,Interleukin-2 signaling
regulation of interleukin-2 production,Interleukin-2 signaling
negative regulation of interleukin-2 production,Interleukin-2 signaling
positive regulation of interleukin-2 production,Interleukin-2 signaling
IL-2 signaling pathway,Interleukin-2 signaling
"Interleukin-3, Interleukin-5 and GM-CSF signaling","Interleukin-3, Interleukin-5 and GM-CSF signaling"
IL-3 signaling pathway,"Interleukin-3, Interleukin-5 and GM-CSF signaling"
negative regulation of leukocyte proliferation,leukocyte proliferation
leukocyte proliferation,leukocyte proliferation
regulation of leukocyte proliferation,leukocyte proliferation
positive regulation of leukocyte proliferation,leukocyte proliferation
Prostaglandin and leukotriene metabolism in senescence,leukotrienes
Synthesis of Leukotrienes (LT) and Eoxins (EX),leukotrienes
Leukotriene metabolic pathway,leukotrienes
Leukotriene receptors,leukotrienes
linoleic acid metabolic process,linoleic acid metabolism
Linoleic acid metabolism affected by SARS-CoV-2,linoleic acid metabolism
alpha-linolenic (omega3) and linoleic (omega6) acid metabolism,linoleic acid metabolism
Linoleic acid (LA) metabolism,linoleic acid metabolism
Alpha-linolenic (omega-3) and linoleic (omega-6) acid metabolism,linoleic acid metabolism
Linoleic acid oxylipin metabolism,linoleic acid metabolism
Linoleic acid metabolism,linoleic acid metabolism
ether lipid metabolic process,Lipid metabolism
positive regulation of lipid metabolic process,Lipid metabolism
glycerolipid metabolic process,Lipid metabolism
regulation of lipid metabolic process,Lipid metabolism
neutral lipid metabolic process,Lipid metabolism
membrane lipid metabolic process,Lipid metabolism
glycolipid metabolic process,Lipid metabolism
negative regulation of lipid metabolic process,Lipid metabolism
regulation of membrane lipid metabolic process,Lipid metabolism
Ether lipid metabolism,Lipid metabolism
Regulation of lipid metabolism by PPARalpha,Lipid metabolism
Nuclear receptors in lipid metabolism and toxicity,Lipid metabolism
Glycerolipid Metabolism,Lipid metabolism
Peroxisomal lipid metabolism,Lipid metabolism
Lipid metabolism pathway,Lipid metabolism
Lipid metabolism in senescent cells,Lipid metabolism
sphingolipid metabolic process,Lipid metabolism; sphingolipids
glycosphingolipid metabolic process,Lipid metabolism; sphingolipids
Sphingolipid metabolism,Lipid metabolism; sphingolipids
Sphingolipid metabolism in senescence,Lipid metabolism; sphingolipids
Glycosphingolipid metabolism,Lipid metabolism; sphingolipids
Sphingolipid metabolism: integrated pathway,Lipid metabolism; sphingolipids
Sphingolipid metabolism overview,Lipid metabolism; sphingolipids
Lacto series sphingolipid metabolism,Lipid metabolism; sphingolipids
Neolacto series sphingolipid metabolism,Lipid metabolism; sphingolipids
Ganglio sphingolipid metabolism,Lipid metabolism; sphingolipids
Ganglio series sphingolipid metabolism,Lipid metabolism; sphingolipids
Hydrolysis of LPC,LPC
negative regulation of lymphocyte mediated immunity,lymphocyte mediated immunity
regulation of lymphocyte mediated immunity,lymphocyte mediated immunity
lymphocyte mediated immunity,lymphocyte mediated immunity
positive regulation of lymphocyte mediated immunity,lymphocyte mediated immunity
negative regulation of lymphocyte proliferation,lymphocyte proliferation
positive regulation of lymphocyte proliferation,lymphocyte proliferation
regulation of lymphocyte proliferation,lymphocyte proliferation
lymphocyte proliferation,lymphocyte proliferation
positive regulation of peptidyl-lysine acetylation,lysine
regulation of peptidyl-lysine acetylation,lysine
peptidyl-lysine trimethylation,lysine
internal peptidyl-lysine acetylation,lysine
peptidyl-lysine acetylation,lysine
histone lysine methylation,lysine
peptidyl-lysine methylation,lysine
peptidyl-lysine modification,lysine
histone lysine demethylation,lysine
peptidyl-lysine dimethylation,lysine
negative regulation of peptidyl-lysine acetylation,lysine
peptidyl-lysine monomethylation,lysine
Lysine degradation,lysine
Lysine catabolism,lysine
PKMTs methylate histone lysines,lysine
methionine biosynthetic process,methionine
methionine metabolic process,methionine
S-adenosylmethionine metabolic process,methionine
peptidyl-methionine modification,methionine
Methionine Metabolism,methionine
Methionine salvage pathway,methionine
Cysteine and methionine catabolism,methionine
Methionine de novo and salvage pathway,methionine
negative regulation of mononuclear cell proliferation,mononuclear cell proliferation
positive regulation of mononuclear cell proliferation,mononuclear cell proliferation
regulation of mononuclear cell proliferation,mononuclear cell proliferation
mononuclear cell proliferation,mononuclear cell proliferation
Carboxylic acids and derivatives,N1-methyl-2-pyridone-5-carboxamide; The tricarboxylic acid cycle
Loss of MECP2 binding ability to the NCoR/SMRT complex,NCOR2
"Activation of NIMA Kinases NEK9, NEK6, NEK7",NEK7
neuron fate commitment,neuron fate commitment
ventral spinal cord interneuron fate commitment,neuron fate commitment
neurotrophin signaling pathway,Neurotrophin signaling pathway
Neurotrophin signaling pathway,Neurotrophin signaling pathway
Retrograde neurotrophin signalling,Neurotrophin signaling pathway
Nicotinate metabolism,Nicotinate and Nicotinamide Metabolism
RNA Polymerase II Transcription Initiation,None; transcirptional pathways
Phosphate bond hydrolysis by NUDT proteins,NUDT12; NUDT4
"Oligodendrocyte specification and differentiation, leading to myelin components for CNS",oligodendrocyte differentiation
response to oxidative stress,oxidative stress
negative regulation of oxidative stress-induced neuron death,oxidative stress
cellular response to oxidative stress,oxidative stress
regulation of oxidative stress-induced intrinsic apoptotic signaling pathway,oxidative stress
regulation of oxidative stress-induced neuron death,oxidative stress
regulation of cellular response to oxidative stress,oxidative stress
neuron death in response to oxidative stress,oxidative stress
regulation of response to oxidative stress,oxidative stress
regulation of oxidative stress-induced cell death,oxidative stress
intrinsic apoptotic signaling pathway in response to oxidative stress,oxidative stress
negative regulation of oxidative stress-induced cell death,oxidative stress
negative regulation of oxidative stress-induced intrinsic apoptotic signaling pathway,oxidative stress
cell death in response to oxidative stress,oxidative stress
positive regulation of oxidative stress-induced cell death,oxidative stress
negative regulation of response to oxidative stress,oxidative stress
positive regulation of response to oxidative stress,oxidative stress
Oxidative damage response,oxidative stress
SARS-CoV-2 mitochondrial chronic oxidative stress and endothelial dysfunction,oxidative stress
Oxidative stress response,oxidative stress
Oxidative Stress Induced Senescence,oxidative stress
Interactions between LOXL4 and oxidative stress pathway,oxidative stress
"FOXO-mediated transcription of oxidative stress, metabolic and neuronal genes",oxidative stress; transcirptional pathways
phosphatidylethanolamine metabolic process,PE
phosphatidylethanolamine acyl-chain remodeling,PE
phosphatidylethanolamine biosynthetic process,PE
positive regulation of platelet activation,platelet activating factor
regulation of platelet activation,platelet activating factor
platelet activation,platelet activating factor
negative regulation of platelet activation,platelet activating factor
Platelet activation,platelet activating factor
"Platelet activation, signaling and aggregation",platelet activating factor
peptidyl-proline modification,proline
proline transport,proline
proline transmembrane transport,proline
proline metabolic process,proline
peptidyl-proline hydroxylation to 4-hydroxy-L-proline,proline
peptidyl-proline hydroxylation,proline
Arginine and proline metabolism,proline
Proline catabolism,proline
prostaglandin metabolic process,prostaglandins
prostaglandin biosynthetic process,prostaglandins
regulation of prostaglandin secretion,prostaglandins
positive regulation of prostaglandin secretion,prostaglandins
prostaglandin secretion,prostaglandins
prostaglandin transport,prostaglandins
response to prostaglandin E,prostaglandins
response to prostaglandin,prostaglandins
cellular response to prostaglandin stimulus,prostaglandins
cellular response to prostaglandin E stimulus,prostaglandins
regulation of prostaglandin biosynthetic process,prostaglandins
Synthesis of Prostaglandins (PG) and Thromboxanes (TX),prostaglandins
Synthesis of PG,prostaglandins
Acyl chain remodelling of PG,prostaglandins
Pyrimidine nucleosides,Pyrimidine Metabolism
Pyrimidine nucleotides,Pyrimidine Metabolism
pyrimidine nucleotide metabolic process,Pyrimidine Metabolism
pyrimidine-containing compound metabolic process,Pyrimidine Metabolism
pyrimidine nucleobase metabolic process,Pyrimidine Metabolism
pyrimidine nucleoside triphosphate metabolic process,Pyrimidine Metabolism
pyrimidine deoxyribonucleotide metabolic process,Pyrimidine Metabolism
pyrimidine deoxyribonucleoside monophosphate metabolic process,Pyrimidine Metabolism
pyrimidine ribonucleoside triphosphate metabolic process,Pyrimidine Metabolism
pyrimidine nucleoside monophosphate metabolic process,Pyrimidine Metabolism
pyrimidine ribonucleotide metabolic process,Pyrimidine Metabolism
pyrimidine ribonucleoside monophosphate metabolic process,Pyrimidine Metabolism
pyrimidine nucleoside metabolic process,Pyrimidine Metabolism
pyrimidine ribonucleoside metabolic process,Pyrimidine Metabolism
Pyrimidine metabolism,Pyrimidine Metabolism
Pyrimidine metabolism and related diseases,Pyrimidine Metabolism
Biomarkers for pyrimidine metabolism disorders,Pyrimidine Metabolism
glucose catabolic process to pyruvate,Pyruvic acid
pyruvate metabolic process,Pyruvic acid
acetyl-CoA biosynthetic process from pyruvate,Pyruvic acid
Pyruvate metabolism,Pyruvic acid
Regulation of pyruvate dehydrogenase (PDH) complex,Pyruvic acid
Pyruvate metabolism and Citric Acid (TCA) cycle,Pyruvic acid; The tricarboxylic acid cycle
TCA cycle and deficiency of pyruvate dehydrogenase complex (PDHc),Pyruvic acid; The tricarboxylic acid cycle
regulation of leukocyte mediated immunity,Regulation of leukocyte mediated immunity
positive regulation of myeloid leukocyte mediated immunity,Regulation of leukocyte mediated immunity
regulation of myeloid leukocyte mediated immunity,Regulation of leukocyte mediated immunity
negative regulation of leukocyte mediated immunity,Regulation of leukocyte mediated immunity
myeloid leukocyte mediated immunity,Regulation of leukocyte mediated immunity
leukocyte mediated immunity,Regulation of leukocyte mediated immunity
positive regulation of leukocyte mediated immunity,Regulation of leukocyte mediated immunity
negative regulation of myeloid leukocyte mediated immunity,Regulation of leukocyte mediated immunity
Semaphorin interactions,SEMA3D; SEMA5B
Other semaphorin interactions,SEMA3D; SEMA5B
Signaling by Erythropoietin,Signaling by Erythropoietin
Erythropoietin activates Phospholipase C gamma (PLCG),Signaling by Erythropoietin
Erythropoietin activates Phosphoinositide-3-kinase (PI3K),Signaling by Erythropoietin
Erythropoietin activates STAT5,Signaling by Erythropoietin
Erythropoietin activates RAS,Signaling by Erythropoietin
Signaling by PDGF,Signaling by PDGF
PDGFR-beta pathway,Signaling by PDGF
Signaling by PDGFR in disease,Signaling by PDGF
Signaling by membrane-tethered fusions of PDGFRA or PDGFRB,Signaling by PDGF
PDGF pathway,Signaling by PDGF
Translation inhibitors in chronically activated PDGFRA cells,Signaling by PDGF; translational pathways
insulin-like growth factor receptor signaling pathway,Signaling by Type 1 Insulin-like Growth Factor 1 Receptor (IGF1R)
positive regulation of insulin-like growth factor receptor signaling pathway,Signaling by Type 1 Insulin-like Growth Factor 1 Receptor (IGF1R)
regulation of insulin-like growth factor receptor signaling pathway,Signaling by Type 1 Insulin-like Growth Factor 1 Receptor (IGF1R)
Signaling by Type 1 Insulin-like Growth Factor 1 Receptor (IGF1R),Signaling by Type 1 Insulin-like Growth Factor 1 Receptor (IGF1R)
Factors and pathways affecting insulin-like growth factor (IGF1)-Akt signaling,Signaling by Type 1 Insulin-like Growth Factor 1 Receptor (IGF1R)
Defective SLC1A1 is implicated in schizophrenia 18 (SCZD18) and dicarboxylic aminoaciduria (DCBXA),SLC1A1
SLC transporter disorders,SLC1A1; SLC22A23; SLC39A11
Metal ion SLC transporters,SLC1A1; SLC22A23; SLC39A11
Zinc influx into cells by the SLC39 gene family,SLC39A11
sphingomyelin biosynthetic process,SM
sphingomyelin metabolic process,SM; Sphingomyelins
Sphingolipids,sphingolipids
sphingolipid mediated signaling pathway,sphingolipids
sphingolipid catabolic process,sphingolipids
sphingolipid biosynthetic process,sphingolipids
glycosphingolipid catabolic process,sphingolipids
glycosphingolipid biosynthetic process,sphingolipids
regulation of sphingolipid biosynthetic process,sphingolipids
Sphingolipid de novo biosynthesis,sphingolipids
Glycosphingolipid biosynthesis - lacto and neolacto series,sphingolipids
Glycosphingolipid biosynthesis - ganglio series,sphingolipids
Glycosphingolipid biosynthesis - globo and isoglobo series,sphingolipids
Lysosphingolipid and LPA receptors,sphingolipids
Kennedy pathway from sphingolipids,sphingolipids
Modulation of PI3K-Akt-mTOR signaling by bioactive sphingolipids,sphingolipids
"Degradation pathway of sphingolipids, including diseases",sphingolipids
Metabolism of sphingolipids in ER and Golgi apparatus,sphingolipids
Sphingolipid pathway,sphingolipids
sphingosine-1-phosphate receptor signaling pathway,sphingosine-1-phosphate
Defective ST3GAL3 causes MCT12 and EIEE15,ST3GAL3
Steroids and steroid derivatives,Sterols
cellular response to sterol,Sterols
sterol biosynthetic process,Sterols
intracellular sterol transport,Sterols
response to sterol,Sterols
regulation of sterol transport,Sterols
sterol transport,Sterols
Sterol regulatory element-binding proteins (SREBP) signaling,Sterols
Endogenous sterols,Sterols
T cell tolerance induction,T cell tolerance induction
regulation of T cell tolerance induction,T cell tolerance induction
TBC/RABGAPs,TBC1D9
triglyceride metabolic process,TG
triglyceride catabolic process,TG
triglyceride biosynthetic process,TG
negative regulation of triglyceride metabolic process,TG
regulation of sequestering of triglyceride,TG
sequestering of triglyceride,TG
regulation of triglyceride biosynthetic process,TG
regulation of triglyceride metabolic process,TG
regulation of triglyceride catabolic process,TG
positive regulation of triglyceride metabolic process,TG
triglyceride-rich lipoprotein particle remodeling,TG
positive regulation of triglyceride biosynthetic process,TG
triglyceride homeostasis,TG
positive regulation of triglyceride lipase activity,TG
Triglyceride biosynthesis,TG
Triglyceride metabolism,TG
Triglyceride catabolism,TG
NR1H2 & NR1H3 regulate gene expression linked to triglyceride lipolysis in adipose,TG
tricarboxylic acid cycle,The tricarboxylic acid cycle
The citric acid (TCA) cycle and respiratory electron transport,The tricarboxylic acid cycle
Citric acid cycle (TCA cycle),The tricarboxylic acid cycle
TCA cycle nutrient use and invasiveness of ovarian cancer,The tricarboxylic acid cycle
TCA cycle in senescence,The tricarboxylic acid cycle
TCA cycle (aka Krebs or citric acid cycle),The tricarboxylic acid cycle
tolerance induction,tolerance induction
regulation of tolerance induction,tolerance induction
positive regulation of tolerance induction,tolerance induction
regulation of transcription by RNA polymerase I,transcirptional pathways
transcription by RNA polymerase I,transcirptional pathways
negative regulation of DNA-binding transcription factor activity,transcirptional pathways
regulation of DNA-binding transcription factor activity,transcirptional pathways
positive regulation of NF-kappaB transcription factor activity,transcirptional pathways
regulation of transcription by RNA polymerase III,transcirptional pathways
negative regulation of NF-kappaB transcription factor activity,transcirptional pathways
ncRNA transcription,transcirptional pathways
positive regulation of transcription by RNA polymerase I,transcirptional pathways
rRNA transcription,transcirptional pathways
negative regulation of transcription by competitive promoter binding,transcirptional pathways
positive regulation of transcription of nucleolar large rRNA by RNA polymerase I,transcirptional pathways
DNA-templated transcription elongation,transcirptional pathways
positive regulation of transcription elongation by RNA polymerase II,transcirptional pathways
regulation of transcription of nucleolar large rRNA by RNA polymerase I,transcirptional pathways
snRNA transcription by RNA polymerase II,transcirptional pathways
transcription by RNA polymerase III,transcirptional pathways
positive regulation of DNA-binding transcription factor activity,transcirptional pathways
positive regulation of transcription by RNA polymerase III,transcirptional pathways
snRNA transcription,transcirptional pathways
regulation of viral transcription,transcirptional pathways
"positive regulation of DNA-templated transcription, elongation",transcirptional pathways
nucleolar large rRNA transcription by RNA polymerase I,transcirptional pathways
regulation of ncRNA transcription,transcirptional pathways
regulation of transcription elongation by RNA polymerase II,transcirptional pathways
DNA-templated transcription initiation,transcirptional pathways
mRNA transcription by RNA polymerase II,transcirptional pathways
transcription initiation at RNA polymerase II promoter,transcirptional pathways
mRNA transcription,transcirptional pathways
regulation of DNA-templated transcription elongation,transcirptional pathways
viral transcription,transcirptional pathways
transcription elongation by RNA polymerase II promoter,transcirptional pathways
positive regulation of transcription initiation by RNA polymerase II,transcirptional pathways
positive regulation of DNA-templated transcription initiation,transcirptional pathways
regulation of transcription initiation by RNA polymerase II,transcirptional pathways
regulation of DNA-templated transcription initiation,transcirptional pathways
transcription preinitiation complex assembly,transcirptional pathways
regulation of transcription from RNA polymerase II promoter in response to stress,transcirptional pathways
regulation of DNA-templated transcription in response to stress,transcirptional pathways
positive regulation of miRNA transcription,transcirptional pathways
regulation of miRNA transcription,transcirptional pathways
miRNA transcription,transcirptional pathways
transcription initiation at RNA polymerase I promoter,transcirptional pathways
positive regulation of transcription from RNA polymerase II promoter in response to stress,transcirptional pathways
positive regulation of transcription from RNA polymerase II promoter involved in cellular response to chemical stimulus,transcirptional pathways
epigenetic maintenance of chromatin in transcription-competent conformation,transcirptional pathways
"DNA damage response, signal transduction by p53 class mediator resulting in transcription of p21 class mediator",transcirptional pathways
"DNA damage response, signal transduction resulting in transcription",transcirptional pathways
negative regulation of viral transcription,transcirptional pathways
positive regulation by host of viral transcription,transcirptional pathways
positive regulation of transcription regulatory region DNA binding,transcirptional pathways
regulation of transcription regulatory region DNA binding,transcirptional pathways
DNA-templated transcription termination,transcirptional pathways
negative regulation of miRNA transcription,transcirptional pathways
negative regulation of transcription from RNA polymerase II promoter in response to stress,transcirptional pathways
cytoplasmic sequestering of transcription factor,transcirptional pathways
negative regulation by host of viral transcription,transcirptional pathways
positive regulation of post-transcriptional gene silencing,transcirptional pathways
positive regulation of post-transcriptional gene silencing by RNA,transcirptional pathways
positive regulation of CREB transcription factor activity,transcirptional pathways
positive regulation of transcription from RNA polymerase II promoter in response to endoplasmic reticulum stress,transcirptional pathways
regulation of post-transcriptional gene silencing by RNA,transcirptional pathways
regulation of post-transcriptional gene silencing,transcirptional pathways
negative regulation of transcription regulatory region DNA binding,transcirptional pathways
"negative regulation of DNA-templated transcription, elongation",transcirptional pathways
transcription-coupled nucleotide-excision repair,transcirptional pathways
negative regulation of post-transcriptional gene silencing,transcirptional pathways
negative regulation of post-transcriptional gene silencing by RNA,transcirptional pathways
negative regulation of transcription elongation by RNA polymerase II,transcirptional pathways
mitochondrial transcription,transcirptional pathways
Transcriptional regulation by RUNX3,transcirptional pathways
Transcriptional regulation of granulopoiesis,transcirptional pathways
Nuclear Events (kinase and transcription factor activation),transcirptional pathways
Transcriptional activation of mitochondrial biogenesis,transcirptional pathways
Influenza Viral RNA Transcription and Replication,transcirptional pathways
FOXO-mediated transcription,transcirptional pathways
Transcriptional Regulation by MECP2,transcirptional pathways
Regulation of PTEN gene transcription,transcirptional pathways
Transcriptional Regulation by E2F6,transcirptional pathways
NGF-stimulated transcription,transcirptional pathways
Transcriptional regulation by small RNAs,transcirptional pathways
Transcriptional Regulation by VENTX,transcirptional pathways
G1/S-Specific Transcription,transcirptional pathways
Transcription of E2F targets under negative control by DREAM complex,transcirptional pathways
Transcription of E2F targets under negative control by p107 (RBL1) and p130 (RBL2) in complex with HDAC1,transcirptional pathways
Transcriptional regulation by MECP2,transcirptional pathways
p53 transcriptional gene network,transcirptional pathways
Transcriptional regulation by VENTX,transcirptional pathways
Transcriptional activity of SMAD2/SMAD3:SMAD4 heterotrimer,transcirptional pathways
Transcriptional regulation by RUNX2,transcirptional pathways
RUNX1 regulates transcription of genes involved in differentiation of HSCs,transcirptional pathways
Transcriptional regulation of testis differentiation,transcirptional pathways
Transcriptional regulation of white adipocyte differentiation,transcirptional pathways
SMAD2/SMAD3:SMAD4 heterotrimer regulates transcription,transcirptional pathways
TP53 Regulates Transcription of DNA Repair Genes,transcirptional pathways
SUMOylation of transcription cofactors,transcirptional pathways
FOXO-mediated transcription of cell death genes,transcirptional pathways
NOTCH2 intracellular domain regulates transcription,transcirptional pathways
Transcription factor regulation in adipogenesis,transcirptional pathways
TP53 Regulates Transcription of Cell Death Genes,transcirptional pathways
RNA Polymerase II Transcription Elongation,transcirptional pathways
RNA Polymerase II Pre-transcription Events,transcirptional pathways
Nuclear Receptor transcription pathway,transcirptional pathways
Transcriptional misregulation in cancer,transcirptional pathways
SARS-CoV-1 Genome Replication and Transcription,transcirptional pathways
SARS-CoV-2 Genome Replication and Transcription,transcirptional pathways
Generic Transcription Pathway,transcirptional pathways
RNA Polymerase II Transcription,transcirptional pathways
Gene expression (Transcription),transcirptional pathways
Transcriptional regulation by the AP-2 (TFAP2) family of transcription factors,transcirptional pathways
TFAP2A acts as a transcriptional repressor during retinoic acid induced cell differentiation,transcirptional pathways
Downregulation of SMAD2/3:SMAD4 transcriptional activity,transcirptional pathways
Transcriptional Regulation by TP53,transcirptional pathways
Transcription-Coupled Nucleotide Excision Repair (TC-NER),transcirptional pathways
TP53 regulates transcription of several additional cell death genes whose specific roles in p53-dependent apoptosis remain uncertain,transcirptional pathways
Activated PKN1 stimulates transcription of AR (androgen receptor) regulated genes KLK2 and KLK3,transcirptional pathways
Transcriptional Regulation by NPAS4,transcirptional pathways
Transcription of the HIV genome,transcirptional pathways
Regulation of FOXO transcriptional activity by acetylation,transcirptional pathways
RNA Polymerase II Transcription Termination,transcirptional pathways
RNA Polymerase I Transcription,transcirptional pathways
AMPK inhibits chREBP transcriptional activation activity,transcirptional pathways
NOTCH1 Intracellular Domain Regulates Transcription,transcirptional pathways
Activation of the AP-1 family of transcription factors,transcirptional pathways
TP53 Regulates Transcription of Genes Involved in Cytochrome C Release,transcirptional pathways
TP53 Regulates Transcription of Caspase Activators and Caspases,transcirptional pathways
RNA Polymerase II Transcription Initiation And Promoter Clearance,transcirptional pathways
Regulation of localization of FOXO transcription factors,transcirptional pathways
Abortive elongation of HIV-1 transcript in the absence of Tat,transcirptional pathways
Post-transcriptional silencing by small RNAs,transcirptional pathways
RNA Polymerase III Transcription Termination,transcirptional pathways
RUNX1 regulates estrogen receptor mediated transcription,transcirptional pathways
RUNX1 regulates transcription of genes involved in WNT signaling,transcirptional pathways
RNA Polymerase I Transcription Initiation,transcirptional pathways
RNA Polymerase II Transcription Pre-Initiation And Promoter Opening,transcirptional pathways
RNA Polymerase III Transcription Initiation,transcirptional pathways
RNA Polymerase III Transcription Initiation From Type 1 Promoter,transcirptional pathways
RNA Polymerase III Transcription Initiation From Type 2 Promoter,transcirptional pathways
RNA Polymerase III Transcription Initiation From Type 3 Promoter,transcirptional pathways
TP53 Regulates Transcription of Death Receptors and Ligands,transcirptional pathways
MECP2 regulates transcription of neuronal ligands,transcirptional pathways
RUNX1 regulates transcription of genes involved in differentiation of keratinocytes,transcirptional pathways
RNA Polymerase I Transcription Termination,transcirptional pathways
Notch-HLH transcription pathway,transcirptional pathways
NOTCH3 Intracellular Domain Regulates Transcription,transcirptional pathways
Transcriptional regulation of pluripotent stem cells,transcirptional pathways
RUNX3 regulates BCL2L11 (BIM) transcription,transcirptional pathways
SUMOylation of transcription factors,transcirptional pathways
Activation of the TFAP2 (AP-2) family of transcription factors,transcirptional pathways
TFAP2 (AP-2) family regulates transcription of growth factors and their receptors,transcirptional pathways
RUNX3 regulates CDKN1A transcription,transcirptional pathways
RUNX1 regulates transcription of genes involved in differentiation of myeloid cells,transcirptional pathways
Negative regulation of activity of TFAP2 (AP-2) family transcription factors,transcirptional pathways
RUNX1 regulates transcription of genes involved in interleukin signaling,transcirptional pathways
MECP2 regulates transcription factors,transcirptional pathways
RUNX3 regulates YAP1-mediated transcription,transcirptional pathways
RUNX1 regulates transcription of genes involved in BCR signaling,transcirptional pathways
NOTCH4 Intracellular Domain Regulates Transcription,transcirptional pathways
Transcriptional activation by NRF2 in response to phytochemicals,transcirptional pathways
Eukaryotic transcription initiation,transcirptional pathways
RNA Polymerase III Transcription,transcirptional pathways
Transcription factors regulate miRNAs related to cardiac hypertrophy,transcirptional pathways
Transcriptional cascade regulating adipogenesis,transcirptional pathways
Transcription co-factors SKI and SKIL protein partners,transcirptional pathways
Pre-NOTCH Transcription and Translation,transcirptional pathways; translational pathways
Translation of Replicase and Assembly of the Replication Transcription Complex,transcirptional pathways; translational pathways
Initiation of transcription and translation elongation at the HIV-1 LTR,transcirptional pathways; translational pathways
positive regulation of translation,translational pathways
positive regulation of translational initiation,translational pathways
cotranslational protein targeting to membrane,translational pathways
IRES-dependent viral translational initiation,translational pathways
tRNA aminoacylation for protein translation,translational pathways
regulation of translational initiation,translational pathways
aminoacyl-tRNA metabolism involved in translational fidelity,translational pathways
"SRP-dependent cotranslational protein targeting to membrane, signal sequence recognition",translational pathways
formation of cytoplasmic translation initiation complex,translational pathways
viral translation,translational pathways
regulation of translational fidelity,translational pathways
regulation of translation,translational pathways
SRP-dependent cotranslational protein targeting to membrane,translational pathways
translational initiation,translational pathways
cytoplasmic translational initiation,translational pathways
negative regulation of translation,translational pathways
translational elongation,translational pathways
post-translational protein modification,translational pathways
mitochondrial translation,translational pathways
cytoplasmic translation,translational pathways
regulation of translational initiation by eIF2 alpha phosphorylation,translational pathways
regulation of translation in response to endoplasmic reticulum stress,translational pathways
regulation of translational initiation in response to stress,translational pathways
regulation of translation in response to stress,translational pathways
positive regulation of cytoplasmic translation,translational pathways
positive regulation of mitochondrial translation,translational pathways
translational termination,translational pathways
regulation of mitochondrial translation,translational pathways
regulation of cytoplasmic translation,translational pathways
miRNA-mediated gene silencing by inhibition of translation,translational pathways
'de novo' post-translational protein folding,translational pathways
formation of translation preinitiation complex,translational pathways
regulation of translational termination,translational pathways
negative regulation of translational initiation,translational pathways
post-translational protein targeting to endoplasmic reticulum membrane,translational pathways
regulation of translational elongation,translational pathways
regulation of cytoplasmic translational elongation,translational pathways
cytoplasmic translational elongation,translational pathways
SRP-dependent cotranslational protein targeting to membrane,translational pathways
L13a-mediated translational silencing of Ceruloplasmin expression,translational pathways
Translation initiation complex formation,translational pathways
Post-translational protein phosphorylation,translational pathways
Eukaryotic translation initiation,translational pathways
Eukaryotic Translation Termination,translational pathways
Mitochondrial translation initiation,translational pathways
Mitochondrial translation,translational pathways
Eukaryotic Translation Elongation,translational pathways
Viral mRNA Translation,translational pathways
Mitochondrial translation elongation,translational pathways
Mitochondrial translation termination,translational pathways
SARS-CoV-2 modulates host translation machinery,translational pathways
SARS-CoV-1 modulates host translation machinery,translational pathways
Eukaryotic translation termination,translational pathways
Translation factors,translational pathways
Eukaryotic translation elongation,translational pathways
Translation,translational pathways
Carboxyterminal post-translational modifications of tubulin,translational pathways
Translation of Structural Proteins,translational pathways
Post-translational modification: synthesis of GPI-anchored proteins,translational pathways
Regulation of PTEN mRNA translation,translational pathways
Regulation of NPAS4 mRNA translation,translational pathways
Competing endogenous RNAs (ceRNAs) regulate PTEN translation,translational pathways
nsp1 from SARS-CoV-2 inhibits translation initiation in the host cell,translational pathways
Thymic stromal lymphopoietin (TSLP) signaling pathway,TSLP
activation of transmembrane receptor protein tyrosine kinase activity,tyrosine
tyrosine metabolic process,tyrosine
negative regulation of tyrosine phosphorylation of STAT protein,tyrosine
peptidyl-tyrosine phosphorylation,tyrosine
peptidyl-tyrosine modification,tyrosine
negative regulation of peptidyl-tyrosine phosphorylation,tyrosine
positive regulation of protein tyrosine kinase activity,tyrosine
positive regulation of peptidyl-tyrosine phosphorylation,tyrosine
regulation of peptidyl-tyrosine phosphorylation,tyrosine
regulation of tyrosine phosphorylation of STAT protein,tyrosine
tyrosine phosphorylation of STAT protein,tyrosine
regulation of protein tyrosine kinase activity,tyrosine
positive regulation of tyrosine phosphorylation of STAT protein,tyrosine
peptidyl-tyrosine autophosphorylation,tyrosine
peptidyl-tyrosine dephosphorylation,tyrosine
negative regulation of protein tyrosine kinase activity,tyrosine
collagen-activated tyrosine kinase receptor signaling pathway,tyrosine
EGFR tyrosine kinase inhibitor resistance,tyrosine
Phenylalanine and Tyrosine Metabolism,tyrosine
Tyrosine metabolism,tyrosine
Signaling by Receptor Tyrosine Kinases,tyrosine
"Phenylalanine, tyrosine and tryptophan biosynthesis",tyrosine
Tyrosine catabolism,tyrosine
Phenylalanine and tyrosine metabolism,tyrosine
Receptor-type tyrosine-protein phosphatases,tyrosine
Tyrosine metabolism and related disorders,tyrosine
Metabolism of xenobiotics by cytochrome P450,Xenobiotics
Xenobiotics,Xenobiotics
ZBP1(DAI) mediated induction of type I IFNs,ZBP1
RIP-mediated NFkB activation via ZBP1,ZBP1